{
  "list": [
    {
      "entity": {
        "id": 1,
        "name": "dashboard",
        "alias": "首页",
        "state": "ENABLE"
      }
    },
    {
      "entity": {
        "id": 6,
        "name":"set",
        "alias": "系统设置",
        "state": "ENABLE"
      },
      "childs": [
        {
          "entity": {
            "id": 6,
            "name": "setup",
            "alias": "菜单管理",
            "state": "ENABLE"
          },
          "childs":[
            {
              "entity": {
                "id": 6,
                "name": "setup",
                "alias": "菜单管理",
                "state": "ENABLE"
              }
            }
          ]
        },
        {
          "entity": {
            "id": 6,
            "name": "userMent",
            "alias": "用户管理",
            "state": "ENABLE"
          }
        },
        {
          "entity": {
            "id": 6,
            "name": "organi",
            "alias": "组织架构",
            "state": "ENABLE"
          }
        },
        {
          "entity": {
            "id": 6,
            "name": "role",
            "alias": "角色管理",
            "state": "ENABLE"
          }
        }
      ]
    },
    {
      "entity": {
        "id": 9,
        "name":"sytym",
        "alias": "应用管理",
        "state": "ENABLE"
      },
      "childs": [
        {
          "entity": {
            "id": 10,
            "name": "notice",
            "alias": "通知公告",
            "state": "ENABLE"
          }
        },
        {
          "entity": {
            "id": 12,
            "name": "active",
            "alias": "活动列表",
            "state": "ENABLE"
          }
        }
      ]
    }
  ]
}